8.716609225135762973e-01,8.244449068338839670e-02
8.475521763265931874e-01,7.921675587752875503e-01
2.656772419140917663e+00,1.953843766355244371e-01
-3.290698455642746545e+00,-3.026988195650066604e-01
-1.133230343188576184e+00,4.965884957860965399e-01
-1.086072999720797405e-01,1.537752803781832767e-01
-9.399853280875544170e-01,4.184802039767323012e-01
1.449380178403606445e+00,1.885855638901633435e-01
5.551792234187997721e-01,4.410874045635583274e-01
4.406639881286754101e-01,-7.785798861683262961e-01
-4.271203444929758675e-01,-8.472565055196293327e-03
-2.047334908220858063e-01,8.224287186074690226e-01
-1.561545262534413947e+00,-1.912599045276225374e-02
-2.145146076003628721e+00,-6.239893239891323162e-01
1.770349047453532831e+00,1.269683121922583258e+00
1.257400977629642702e-03,-2.167387519680656904e-01
1.246431565274702669e+00,-5.348581608700575529e-02
1.857056903593296893e+00,4.992919967453790520e-01
2.075918161249972194e+00,2.495988088383882531e-02
-4.177720034693389872e-02,-3.504612656378828794e-01
-1.604593264399752917e+00,3.488350651548676185e-01
-5.352156601822123660e-02,-3.048984062814407703e-01
-8.124953795468052853e-01,2.415322369904984723e-02
-9.328544537611667409e-02,4.162022786539273378e-01
1.627588145286840982e-01,5.028773990354955536e-01
1.716164440997373086e+00,1.058714280482823678e-01
9.696199735702784595e-02,-7.316288060730116172e-01
1.030282002463816848e+00,-1.178312217640311577e+00
-2.062826182043060896e+00,3.148936398390078661e-02
-3.050676191186233233e+00,-9.441319906667140494e-01
-7.540852950909671115e-01,-2.024348784700803483e-01
-1.797724210254410426e+00,-4.658819279207034869e-01
-2.245817254359178783e+00,-1.141292194100146151e+00
-8.827465974451793596e-01,-2.871345572407241753e-01
1.569070601633969719e+00,2.881550562796807990e-01
2.528952731125508002e+00,6.248608310084303730e-01
-6.213063392975726185e-01,-8.084009929103983527e-01
2.581485372819920521e+00,6.140022896826970999e-01
-1.098464399845078265e+00,-2.599458264367299765e-01
-1.153161600507303097e+00,-3.563231414882289672e-01
2.047668543733734137e-02,5.936161677052113061e-01
1.078566111996906773e+00,7.652376118726504917e-01
-1.063743930365897761e+00,2.003631641088282067e-01
6.984471092966200167e-01,2.267040374734437536e-01
2.024888267331140135e+00,8.041898007250493086e-01
-1.715002177453376353e+00,-1.483402500986823247e+00
8.860326613864318857e-01,-6.655310524425310792e-01
4.060178326316814967e+00,7.712707836573903242e-01
2.462257532469696919e+00,5.455867960371096892e-02
-1.447824919394264054e+00,8.856665449709411053e-01
5.839476366816656605e-02,-5.633306255996750611e-01
-1.596892745089521781e-01,-1.210048290619312406e+00
-1.587130625509769188e-01,-1.353949545013921063e-01
-1.024577769732304189e+00,-8.009287700684746270e-01
1.080714010259975211e-01,-7.146753752923400149e-02
7.874479902265724141e-02,9.102008079079552116e-01
2.282262111008334315e+00,4.765771846023808545e-02
-5.194798485535433441e-01,-6.099273523983362866e-01
1.608176024029112305e+00,-1.340713987011313613e+00
2.353705340300863202e+00,-1.751847611893641576e-01
8.059261651492389822e-01,1.126361439319931157e-02
9.865803502405123826e-01,4.410629468438663214e-01
-1.490370012930724020e+00,-8.114876329615922090e-02
-6.540251641261454196e-01,-9.512053785232350567e-01
1.131032821185305570e+00,-2.090915609372376305e-02
-4.887011998230083698e+00,-6.989106647948891693e-01
-3.563267649649602409e-01,1.462727878071171939e-01
3.384142161616623956e-01,-1.471860054371459392e-01
-2.317473206719510070e+00,-3.288578108246926202e-01
-1.723462794410466903e-01,2.644737915655928293e-02
-3.804280248909954754e-01,-3.302670109749378802e-01
1.142454453133100900e+00,8.217393949067990366e-01
-1.305037960285404752e+00,2.690541843541429112e-01
-8.827612210748336796e-01,5.168575671406799854e-03
2.827353599007126572e+00,1.111826019527650811e-01
5.530625911149966711e-01,2.633274261774740665e-01
8.248137374797002153e-01,1.254561806724006523e+00
2.079555757992355591e+00,7.092999010347516009e-01
1.344954747170976850e+00,-4.581992980956214878e-01
1.069158960706484862e+00,7.967178629465498929e-02
3.590682216596389753e-01,6.138554350609376487e-01
-2.881617451463641677e-01,-8.132203766273488066e-02
-1.227915978656210827e+00,-6.047946815710698587e-01
-2.854154871225758949e+00,6.485786434462234018e-01
8.022718660111768374e-01,-7.527952931708632445e-01
-1.528119061297658732e+00,7.403914594200599053e-01
5.373378337618488487e-01,-8.411620864166664546e-01
-8.380540255327564858e-02,-1.923471203511270822e-01
-7.381441053564954391e-01,4.587420541845090849e-01
1.855861196413154834e+00,2.444285764359904745e-01
2.430552124981928408e+00,3.188435130058804301e-01
-8.726122701163449014e-01,3.872762844225317025e-01
2.086593576012243934e-01,1.219732275171171221e+00
-1.333985735709831699e+00,2.815669831853061522e-01
6.931727576739465935e-01,-6.291579727543191725e-01
-2.606415516552577305e+00,1.756477608473032137e-01
2.746215345032119171e+00,1.821115546881537650e+00
1.472305371906834193e+00,3.386137130831829434e-01
-1.266952824697277435e+00,-6.054363104842714893e-01
1.617336250020472710e-01,-9.429525178429211119e-01
-1.379437016082700307e+00,-5.234219238412392006e-01
-5.801704414442272473e-01,6.941460764819422646e-01
-7.832761501225670164e-01,4.147978636664370056e-01
-1.943608064213690367e+00,7.916595889006932119e-01
4.506666622171949799e-01,-7.366971430708364466e-01
-7.442431679784118348e-01,-9.881665498723261054e-01
-1.140895195947243812e-01,3.544060778512141408e-01
-2.353704479140821704e+00,4.163240320861216204e-01
4.314842375190171553e-01,1.743878575909253437e+00
2.346953279999418829e+00,7.567715196523963073e-01
1.653680701185026303e+00,-6.816106178277749894e-01
7.328559138582312338e-01,1.292483046637307453e-01
-2.794520888822009219e+00,-2.888925249240908988e-01
1.330669400757243048e+00,4.962082291843155080e-01
9.310597406114676788e-01,1.222315889764330477e-02
7.616074897514105713e-01,-7.691045513860830796e-02
2.045751793303555388e+00,3.777341388406827982e-01
4.151906555922422193e+00,5.319559843987490266e-01
-6.106607835543192975e-01,-1.355798890983901384e+00
3.947101258312279981e+00,1.229097418321510871e+00
-1.787115562643234901e+00,1.064521896693417791e-01
8.817194150722369450e-01,8.725554049238078147e-02
-4.390579000263526988e-01,-8.601491256870028579e-01
1.472888730627461285e-02,2.411897744398880383e-01
3.550669463740099285e+00,6.027990435877925712e-01
-5.565303216248771445e-01,-3.981442228059624000e-01
4.598668403405882787e-01,-4.607126309868384006e-01
2.409032161939332450e+00,-1.289919082732595701e-01
-6.309791391372876479e-01,6.069636275781495893e-01
-7.475763311165046776e-01,4.132631586340138052e-01
8.072241201376904041e-01,-5.080269093927368695e-01
-3.423039781414410898e-02,1.317747484686640824e+00
7.629990847801058074e-01,4.460402512842350786e-01
2.326678640987381197e+00,-6.848714497913352961e-01
-1.203495195992295708e+00,-5.476572620801841706e-01
-1.082800593507504017e+00,-7.239577210760028692e-01
-4.310964538565376647e-01,-3.928249009056834495e-01
-1.236735936089937482e+00,-1.222706937628279755e+00
2.468702772575934290e+00,2.698762045895675699e-01
2.045493977592109935e+00,9.940555731505225090e-01
1.303630030399238193e-01,-6.649048019866370396e-01
-8.705039511989017820e-01,-3.669368613947542879e-01
-2.059137366559306237e+00,-2.925586193327247564e-01
-1.666071099796156141e-01,9.776335593330583995e-01
-4.761827335260405691e-01,-6.482705168308011690e-01
3.496326834666826922e-02,-1.120248781425810636e+00
-2.527941891111820105e+00,1.050599937991336663e+00
3.449842751572538835e-01,-1.947984944667091600e-02
-1.245054982241996733e+00,-1.696834706462708176e-01
-1.353123670062031714e+00,-1.284369271570367510e-01
1.149676548307274199e-01,-6.579549607243085907e-01
-4.389021056556584033e-01,8.938306049844569889e-01
-3.393747549950335007e-01,1.363858100394826911e-01
-2.619825847415147013e+00,-7.775667708956224278e-01
-2.434213226552238152e-01,-5.858021758348106456e-01
7.890018347019652767e-01,8.027801555533425892e-03
-8.611808077538869732e-02,-7.169495735430486683e-02
-1.115154613825618757e+00,-4.704054990505759926e-02
1.507765428067333824e+00,5.683360049851688967e-01
-3.805509498626039600e-01,-5.698066984950421743e-01
1.108720309539398041e+00,-5.263394126790914562e-01
-1.845907020450290315e-01,-7.011063438361521127e-01
1.183327585277173633e+00,5.454452780525700373e-01
-1.870203047614761582e-01,1.123228739747283544e+00
9.074309782287229842e-01,2.612977386612402864e-01
-2.331246315190163898e+00,3.368515550271229397e-01
-4.372557777545703073e-01,6.601517329481564333e-01
-1.657034916214527476e+00,-1.666585933594915969e-01
-8.167514368936659164e-01,-9.760177450982585046e-02
4.252621104614134340e-01,-9.955012242760800101e-01
2.779348148733350454e-01,-1.532587504946110180e-01
6.713131472162796598e-01,2.658479346148685529e-01
-9.799989858889512906e-01,4.314382644166360192e-01
-1.214868187108255754e-01,-5.839698318976004332e-01
-6.912886199611341098e-01,-1.139379507828327254e-01
-8.387844184899894140e-01,-1.739824485414518951e-01
5.635918332609508585e-01,-5.202772719509834998e-01
-3.560438682018077228e-01,-4.436765213976398003e-01
1.362322280391058404e+00,-2.829618931314560326e-01
-1.847289451578691066e+00,-5.542525757461623792e-01
1.323163034342401012e+00,-6.827727071703608708e-01
-1.777862943151962805e+00,4.008851562099034482e-01
-5.161642334930501702e-02,-2.578866893908026703e-01
-3.573745231236691300e-01,2.404399897664777630e-01
1.813188300100326611e+00,-1.728033267711716725e+00
-1.662419516602233527e+00,-1.673021037741084793e-03
-9.624367077299780249e-01,-6.797058738334681438e-01
1.652172515863707503e+00,2.016850343157217562e+00
-9.510893446499661952e-01,-9.978397440417398068e-01
2.453324645613529142e+00,-2.795931349670372490e-01
-1.430831630775156516e+00,9.379639692154606578e-03
-4.778348122623092276e-01,-1.629584429199287254e-01
-2.507653553653423462e+00,-6.961522785817563230e-01
8.208522412082586150e-01,2.931216697006482352e-01
2.171599556892582772e+00,1.178832173553508444e-01
-3.681299455026648682e-01,8.152326943469063725e-01
7.275785467548495644e-01,9.654346731921746860e-01
-7.969323936857983792e-01,1.034245887209817860e-01
-3.371165193269024529e-01,8.273469213369536446e-01
-6.143157138723484012e-01,-5.269268149087866782e-01
-8.224910435986838575e-01,-9.670783938895935461e-02
7.350944055693572343e-01,1.483708851947916685e+00
-1.170560804855793835e+00,-1.136317491259041468e+00
-1.206166926518903448e+00,-7.449389471724887635e-01
2.133187565441389544e-01,-6.156601817288256950e-02
-4.492023464564307011e-01,-1.878814605820023353e-01
-1.187160210790339177e+00,-4.504306940526413561e-01
-1.613622722530713816e+00,1.137782345723903354e+00
5.339364184051749174e-01,-7.683471821153352588e-01
-4.215531958453828942e-02,8.438876520930159719e-01
5.656983497322443100e-01,2.589306714095785944e-01
-4.147825453681572294e-01,6.699453407328079813e-01
-5.445568272686448497e-01,3.412115713474188627e-01
-1.592904140396060209e+00,-5.261912123471450542e-01
1.162976345486896212e+00,8.464894563190672461e-02
-2.022221640941499921e+00,2.141193923602675020e-01
1.621608726575448189e+00,1.872809022214095287e-01
1.283457347295712536e-01,-1.253166661421575290e+00
-2.661777095685244010e+00,-5.788958316851643415e-01
-2.851704226193813585e-01,-3.202626704379589184e-01
1.908939497020520015e+00,1.549930509825687697e-01
-1.017578342563116162e-01,1.036281534431221729e+00
4.901648651805231016e-01,6.211823108416782979e-01
7.265057120173895600e-01,-1.180458019870594066e+00
4.038107218009936439e-01,-2.762310016821273306e-01
7.026848457948908777e-01,2.891539299444162436e-03
-5.872698634466451406e-02,1.133131298334156406e-01
-3.161543557674090899e+00,-9.616451493727913302e-01
1.170085050257912318e+00,1.216161927201837578e+00
-3.271172664845738431e-01,-8.260503658899602530e-02
-1.037562147774830912e+00,-4.811883921536862507e-01
-9.437177356366122094e-01,4.749034305058205674e-01
-7.576300503815420750e-01,-4.013813804289073639e-01
1.594000939759734892e-01,1.619352475588518303e-01
1.188033942083581262e+00,-1.185142059464205089e-01
1.015013658616692876e-01,-6.756887117987538938e-01
6.921488152865822308e-01,6.725379596076949129e-01
-8.380540311683204457e-01,6.125333382309218200e-01
2.927495199394740677e-01,6.906128933772417433e-01
7.096249740128967032e-01,-1.858575113333338358e-01
-5.391424145370995458e-01,7.492145368428179686e-02
5.333829572341782788e-01,4.920001762527695943e-01
-6.797207832261070726e-01,-2.699727939128048759e-01
-1.419905332614112670e+00,-4.240409054605293049e-01
-2.150120843877049825e+00,-6.269221316233024588e-01
-2.990907946476511481e-01,-3.545095106520785300e-01
-8.590270461463056506e-01,-1.813503565383206562e-03
8.972024627718764300e-01,-5.448226349359264198e-03
5.890427138554940600e-02,4.185018338063931087e-01
6.994904059106707428e-02,1.170419088851147454e-01
-7.237836068854303084e-01,7.337076213586477547e-01
-8.334984244894436123e-02,-9.415191030297936914e-01
7.433545059566781799e-01,3.566814655601206474e-01
-1.857245777695847311e+00,-9.487994411399990335e-01
-1.097531738422547365e+00,-7.514342204495980115e-02
1.323732003559849657e+00,-1.091105387754075950e+00
-3.210817140217944843e+00,-5.731818326973892042e-03
-4.641263986035670253e-01,5.293688332594436163e-01
-1.173787746657752207e+00,3.140036285996342103e-02
-1.474423300612923704e+00,-2.222824700019714328e-01
-2.552344482686712102e+00,2.070377885320122680e-01
-6.787222715497031045e-01,-8.726147341724961315e-01
1.218139004418138105e-01,7.297534628981154903e-01
4.111194401390583786e-01,-2.800296991685763959e-01
-2.465934957332656996e+00,1.178804943127818250e+00
1.828981577272974501e+00,1.594162259314013674e-01
-2.006518382049512716e+00,-5.335780560869799460e-01
-9.813128715188542683e-01,2.969999909762154333e-01
3.619354255141806753e-01,1.189892443273870892e+00
-1.945975946478767094e-01,4.881290766297757822e-02
-3.937500601030001768e-01,6.969750380634149867e-01
-1.506114978530803672e+00,-1.252056347124127278e+00
6.211827317964466744e-01,-8.235021230817878291e-01
-6.082453540824456217e-01,-1.518309956183348797e-02
2.207407385298809199e+00,2.613211384322616238e-01
-1.828179971130950987e+00,6.948454157232704098e-01
2.607743249826079079e+00,-1.146099076937870498e+00
2.293297417367442748e+00,8.705615792175525058e-01
-3.260873430225474046e+00,-1.487788966151927905e+00
9.171150453036006622e-01,-3.426736347219540013e-01
-2.950732027246859790e+00,-6.425627818740882180e-01
9.457423254417182124e-01,1.041619660361224664e+00
1.043976630704195774e+00,1.443173685261392336e+00
-3.479150396246769805e+00,2.294951363383971321e-01
-1.585760355764201712e+00,-1.174708667201983525e+00
3.511895140849864649e+00,1.992322580106057894e-01
-1.278773889191273438e+00,1.365952288930340763e-01
9.805408438093615731e-01,6.584944562205911067e-01
1.192684816905723366e+00,1.120000128936737616e+00
-7.045971187501700594e-01,5.822113936879740326e-01
1.199715350417172255e+00,6.986032956905341429e-01
7.777819383421726851e-01,-7.100333176680273528e-01
1.506330707779631517e+00,1.462017222576507125e+00
-6.328383518150419995e-01,-5.022802511127405500e-02
1.106150993745307343e-01,5.394808559494540523e-01
1.495782856680936579e+00,-2.179322203270543934e-01
-6.632308821120544984e-01,-6.804039305791649284e-01
-2.256695719977509729e+00,-6.022767706867139248e-01
3.465223559100769624e-01,-2.234101688358806070e-01
2.065854672990851959e-01,-6.154654169414420783e-01
2.718588089495303506e-01,-1.422875000413981628e+00
1.184588017093730405e+00,6.177002711700244619e-01
5.865456307288523519e-01,-1.207025870631213138e-01
3.049962740442039077e+00,7.279301000983976477e-01
2.671716878743783941e-01,-1.120419941193221414e+00
1.028250284547179705e+00,4.970189309401971123e-01
-1.471156712835416824e+00,3.006511989845890853e-01
-6.845861836393201116e-01,1.002374500021743442e+00
-2.332226542874565656e+00,-4.175328446870078536e-01
1.565510869574600283e+00,9.389811745535585619e-01
-1.926131084915792213e+00,-5.915351695546733346e-01
3.058514598521136829e+00,4.009165647264955057e-01
-5.030180490725326692e-01,2.508230959696831075e-01
-5.856952323769868407e-01,6.964415155557027726e-01
2.023596992881480539e+00,-1.645364525897950458e-01
-2.934899308812668917e+00,-6.799248180356801674e-01
1.517444817625733355e+00,6.481103941021599812e-01
-1.058908106195275867e+00,-1.413947165972355702e-01
2.342195394693335153e+00,6.883369735651586607e-01
-2.549279827395915632e+00,-1.209721986048075237e+00
-2.569082370297808282e+00,-5.355358484159293830e-01
-1.603475040345205160e+00,1.729597692333845416e+00
3.393387722765486725e+00,1.322132409354556115e+00
5.999415446712754729e-01,5.003100272592277964e-01
-4.575811056462303350e-01,-7.024170820450589270e-01
-9.724464776815018308e-01,-8.872386830964751336e-01
-8.706187637861135808e-01,3.757814268526201706e-01
-1.278367427235560072e+00,-5.321686595628967176e-01
1.871816858410725870e-01,4.166451488174648943e-01
-1.117633408796667727e+00,-3.717019138634780617e-01
-1.696097126181324022e+00,-8.092677001243839263e-02
9.623516873575118646e-01,8.201145687645274851e-01
6.543700095320184040e-01,3.511865447253830208e-01
9.892361692972336806e-01,1.195591971994160563e+00
2.551781367074247076e+00,-4.229483469229063375e-01
8.993652433512102640e-01,-1.380180888844785292e-01
-9.910423576327926920e-01,-7.247890189422581675e-02
-4.198754899879355129e+00,-7.610696202352528195e-01
-1.898403100093275508e+00,-1.775303258528986572e-01
-4.767639178582395165e-01,-1.788704643653311055e-01
9.554012690507019956e-01,3.687741440514819002e-01
2.036451757217955016e+00,2.456984307533405243e+00
5.602146132202951989e-01,-9.451940326667234160e-01
1.261417993997286935e+00,4.554369067914488811e-01
3.347120816825792655e-01,-2.891429466866179965e-01
-8.436585091907178313e-01,-5.571452655565209411e-02
-7.399144040838704361e-01,-4.200285829430845386e-01
3.063869729423815524e+00,-4.695033428285766419e-01
7.386801042687192176e-01,-3.054023537612785000e-01
-1.799709940990566137e+00,-8.289530597227906528e-01
-8.560740305558905971e-01,-1.048082431169268247e+00
8.671794584495498004e-01,7.113042736136407918e-01
2.227037986174172646e-01,-1.195462203296770332e+00
-8.696006150346030639e-01,2.738459698264272824e-02
-3.754268627079926368e-02,6.535314786403441101e-01
-1.452554816767028578e+00,1.836260156460068349e-01
5.214603367249448507e-01,1.729724899015943340e-01
-7.304778117448268437e-01,4.567843421666782366e-01
1.030296709292620516e+00,5.258401909936869512e-01
-2.155954580515163421e+00,-4.423564390653406120e-02
-1.638737484184017656e+00,6.031148570017019761e-01
2.410894298589595364e-01,-5.046333191189013023e-01
1.577189932765646341e-01,3.403446873500621805e-01
1.857402957445874803e+00,-6.398634155964408876e-01
-2.743277288919607759e+00,-5.344663222636404365e-01
-8.423713762356066503e-01,2.159659416884480709e-01
-1.958667644585319723e+00,-4.838635099195045530e-01
1.198612749225567153e+00,3.358359666809291877e-01
1.743150010431885055e-01,-2.664350697311909100e-01
-9.656103835205392949e-01,-1.304748240871142495e-02
-5.486242589585783591e-01,-6.721964478117993524e-02
-3.290710696094700793e-01,8.270442652637449710e-02
6.305191330678989736e-01,5.070920531986504720e-01
1.965313522289831916e+00,8.024420680831084729e-01
-1.380394203209917237e+00,-2.901156523983640101e-01
2.238424789170778251e+00,6.887347091447978409e-01
7.993072296556860135e-01,-2.111397818620158462e-01
6.342921101558980368e-01,4.631039640579451278e-01
2.447947150662857840e+00,6.124196861012972670e-01
2.711125302631042233e-01,-7.434563848842790090e-02
1.804541847793974529e+00,-4.717908796366496182e-01
-1.370851973193619733e-01,1.473625284554975767e-01
-6.290944093796249081e-01,3.749163817839811230e-01
-1.227775457758098598e+00,-3.814225085454177044e-01
-1.785910906547770960e+00,-8.777567070549254780e-01
1.013384695088509702e+00,4.147571722386453885e-01
-2.772344837621852909e-01,1.547952613762428875e-01
-2.446528948258725189e-01,2.772217162479939656e-02
-1.396967465624479043e+00,4.933279832799891129e-01
-6.890470784656738124e-01,3.579559142306806274e-01
-6.210850891707865307e-01,-5.608538991605371837e-01
-2.319596571705875743e+00,-2.499874822757500170e-01
2.017571750954487708e+00,5.985867751957095750e-01
1.491587158190814943e-01,3.730475887895105813e-02
-1.547932853149474708e+00,-2.001972205108111247e-01
1.050026852359615459e+00,1.164335813360631716e-01
8.952279859359462133e-01,7.599108118964053027e-01
-1.007069315016825506e+00,-2.213148812797224863e-02
1.645686335989031412e-02,-4.665338230861398316e-01
-3.929484090363435933e-02,8.079436909059732885e-01
5.566662916497805424e-01,-5.242560254480483906e-01
1.109741736738151685e+00,5.851175456093074545e-02
9.060851040584471106e-01,9.500017487547966766e-02
8.988941145505920938e-01,8.060380550771742425e-02
1.264871555374343925e+00,-2.046628423949470588e-01
-1.232672586314218943e+00,9.684822415283204089e-01
-3.763955372476899819e-01,-6.742549613264912922e-02
-1.894257670717410358e+00,-1.498571086391455198e+00
7.351130371866059221e-01,4.594021477541071485e-02
-3.556706724525114938e-01,-2.907794224467700195e-01
-7.519764608771146719e-01,-2.301762145080999689e-01
5.480277004349614067e-01,1.378191272512358789e-01
-7.149273125971458143e-01,1.364199280228339528e-01
-5.010306694092319102e-01,-7.079509756722575098e-01
2.214724170235264911e+00,-6.328961390078670091e-01
-2.044375941909992722e-01,1.577817355534449462e+00
-3.162540634144529239e+00,-6.708555441662237273e-01
-1.275869336374477081e+00,-6.919303923028778947e-01
2.459876177464700719e-01,-2.559753125966389153e-01
7.711993961591910862e-01,-7.636256377605201706e-01
-1.617427402354119526e+00,-8.834009253683423601e-01
3.147494269141111189e+00,2.468585292267104325e+00
1.860446666489348200e+00,3.256165195343614371e-01
-1.084202669862449619e+00,1.098960492128842614e-01
2.612574837670411099e-01,-3.820561977240109486e-01
3.253883986691541441e+00,2.013572789704461408e-01
9.099286362007169560e-02,-2.139274853931086184e+00
-2.628976457418847446e+00,-1.150435694885468374e+00
2.916068391794643944e+00,1.780814383865338968e-01
-2.158680272278219014e+00,3.026499637618085270e-01
1.496900774713367799e+00,-7.066412673671017552e-01
-1.156962096283071340e+00,1.694654684232200503e-01
-6.909663152953384735e-01,8.391746222218501305e-01
-6.920185659336187955e-02,-4.508464689195286201e-01
-1.829419950443668785e+00,-1.711049404216335723e-01
-1.966189683560633839e+00,9.295560541895425688e-02
1.866431266489474883e+00,-7.373379364950333192e-02
-1.184668400243127806e+00,-5.418324369610996172e-01
-2.373119364545047905e+00,-8.990476958339371771e-01
-8.202448657023668765e-01,-1.015935014394481195e+00
1.605520108893086384e+00,4.500553678193567886e-01
-2.345132123358078524e-01,4.538658806906296084e-01
3.932880565995751088e-01,1.898541514499575977e-01
-1.164958850230230825e+00,4.012021558994072201e-01
8.819490306521365897e-02,8.327270272154835284e-01
4.159911697695715671e-01,2.887210634627045969e-01
7.978659732790603920e-01,1.398953411329653396e-01
-1.436597743116025505e+00,-1.803850068307126797e-01
-2.018792374603420647e+00,-1.511255008259018373e+00
-5.827390525395470533e-01,2.832234101957840644e-01
-1.337240453527856143e+00,9.814306285458312962e-01
1.456352363854703569e+00,-1.209162827442716304e-01
-1.038816439929433066e+00,1.328569966139457215e+00
-2.457497654270495158e-01,-2.445536553601360685e-01
1.865645599601403637e+00,-2.592199416204181706e-01
2.111291608269897146e+00,-3.656088244391416664e-01
-1.654470483487127996e+00,7.003284933801121603e-01
-1.626390217738356458e+00,-5.629432894768020557e-01
1.432527282908883093e+00,8.235916916212175920e-01
-2.252115219710687288e+00,3.403557047618509523e-01
-1.844881212824917682e+00,1.951482894999416740e-01
-1.126434209851048696e+00,5.185813428486557575e-02
8.152681371179757441e-01,1.010765816775781589e+00
4.968155943125676099e-01,1.931323509804113436e-01
-8.164248400722792232e-01,-2.140036570524578019e-01
4.424829543401815890e-01,9.959894209351612959e-01
-1.873441170480100726e-01,-7.652044157675885749e-02
7.009389026248853405e-01,7.980508295794380702e-01
-7.247063959677380041e-01,-3.331872212941070499e-01
-2.805217151085766414e+00,-6.885276888271104623e-01
8.184924310679271287e-01,3.915884640424222018e-02
3.206878686807930201e-01,7.056417247975741436e-01
-1.703560520547573454e-01,1.040029169156475808e+00
-1.067082995897336906e+00,-5.846390654132640474e-01
3.001320330187009500e-01,-2.769704098935649728e-01
1.365591158111852943e+00,-1.625696203819488872e+00
-1.089378398450963736e+00,-3.775974761271289060e-01
-6.939312466737150853e-01,-9.667413254391746258e-02
1.236312461520073125e+00,-4.707390607773533908e-01
1.026488477698931145e+00,3.792913724325434055e-01
-8.404500720844183537e-01,7.143452199562698723e-01
-2.511260254650414137e+00,8.212333823149760015e-01
4.170201498430985421e-01,-1.098169631450893607e-01
-3.679558312293050859e-01,1.036806407614184466e-01
3.103875821738093510e+00,-4.021133582907299164e-02
1.155636235447557336e+00,-2.480585619900941285e-01
-3.339442602464090637e+00,-1.366844854378478580e+00
-4.352289445422225511e-01,-6.773156800262225552e-01
-1.134380133498471999e+00,3.659336070066260271e-01
-2.720222460375211426e+00,8.372648054122213690e-01
6.566857740232199259e-01,1.942080878364413898e-01
-1.049679120829804857e+00,3.687193629770799119e-02
6.687596313021186567e-02,-1.017050787006710477e+00
1.693061288798098918e+00,-2.453233710326406802e-01
1.010035843066474204e+00,-3.450282726537056699e-01
-2.625163180433385257e-01,-1.427053453768025448e-01
-2.333671802819343277e+00,2.425800775852045010e-01
-3.151300432430726994e-01,-8.195533658309699376e-01
-1.481391778875156717e+00,7.115288803566003351e-01
-1.515220531254531711e+00,-4.486674504653855866e-01
-1.124965709989130591e+00,-5.512096222686124758e-01
-5.040369400364468344e-01,-1.306391971551891462e+00
-4.875134812311139876e-01,-3.634365568707647043e-01
1.349010475036177992e+00,2.190824520300849176e-01
-1.696643258682522415e+00,-1.117776906328738384e+00
5.859523755863969008e-01,5.864335450240124592e-01
3.786739048284168963e-01,1.003405103242491769e-01
8.873454785979513204e-01,6.618802240820002014e-01
-2.511190282028007426e-01,-6.302754028889563376e-01
2.262681383170293825e-01,2.620853904890758090e-01
-7.658714982631333879e-01,-4.069387966000119761e-01
-2.023801100607126813e+00,3.839690306705959011e-01
1.163582809109867222e+00,1.893504994482838599e-01
-1.212640343029923073e+00,4.586456003897642075e-01
7.286477998941620626e-01,3.283263574395109408e-01
2.804211047224803854e-01,-7.678223392419972759e-01
1.732125546903840574e+00,-3.103842690658885073e-01
-1.922728630609260858e-01,-3.151031293538751610e-02
-1.692280090698640604e+00,-3.870022391693840880e-01
-1.268246817574730345e+00,-1.012022076871198273e+00
-1.336101990381466820e+00,-3.123037115049881463e-01
9.327774091600347095e-01,3.805270152070119316e-01
-2.675315992440280954e+00,-1.262830074577189432e+00
-1.472076057211179068e-01,5.725321518199086857e-01
1.626526392996981318e+00,-2.231561777784392131e-01
-1.746582386816263099e+00,-3.377478948996698316e-02
8.958553113671190449e-01,-7.533529340031552834e-02
-6.484408940301478186e-01,-1.008424176490809732e+00
1.378189410756672229e-01,3.753161616813845969e-01
1.663828668390902710e+00,-6.027562452924695169e-02
-8.934279052799992682e-02,2.746997289339191406e-01
-9.804784734063675122e-01,8.337224137696791493e-02
-2.373384372744540727e+00,-3.719596302056730752e-01
-1.263288549314898646e+00,-5.244743427172057215e-01
1.155813298904021069e+00,-1.487693474927612725e-01
-1.870649342429456796e+00,-1.957498595268496178e-01
9.967703527343757530e-01,4.980276609272952237e-01
5.869734688586433213e-01,6.378632505950010412e-01
4.943100125508666509e-01,9.344647294114195590e-01
3.077999607218819378e+00,1.137078244710669761e+00
4.464016421721455075e-01,-1.474165924632857116e+00
1.157031210264080068e+00,-3.072536637488296751e-01
5.812501213156775481e-01,-2.363158242704115064e-02
-7.547117933380358412e-01,3.690413377497145930e-01
1.090665817272697291e+00,5.060202684731004430e-01
-1.321653145024811238e+00,7.925966837530407094e-02
3.218255518822628947e+00,7.407601244928841977e-01
1.633869463697732893e+00,6.075192660483712537e-01
-5.477175370531728316e-01,-2.949892240032400137e-01
8.076223482877137316e-01,4.753468635114854735e-01
2.901928523143499361e-01,-5.966422436453296951e-01
-1.472581879130554494e+00,-9.959665240087587357e-01
2.306631256442871258e+00,-8.164317302382197994e-01
7.436102223348231011e-01,-1.069794273615098268e+00
-1.131721890858180535e+00,-5.020428928156591697e-01
-6.329447174193826298e-01,-4.382257569459372948e-01
-2.727461907767374072e+00,-3.764060178050276373e-01
-1.207970630434256759e-01,1.502071596710315982e-01
-1.134174508690626748e+00,-1.602886733672853170e+00
-3.727550132169296093e-01,3.271413996600289198e-01
3.054077938208873966e-02,1.114840108868085489e+00
1.359822259348771323e-01,7.838879914597435272e-01
6.984657201253222647e-01,-2.868274886018369885e-01
-3.667420430725523151e-01,-1.045341177695030765e+00
-5.544214733668523243e-02,-7.154500381556927469e-01
1.063244194110758711e-02,4.882425432463056714e-01
2.900473154971937362e+00,1.073900016777411537e+00
-2.517681343275827377e+00,5.910186268208015292e-01
-1.508376811518874039e+00,7.084184395375303644e-01
3.761756749423398882e-01,-1.042828489702507966e+00
3.510101060564627118e-01,-3.371326464074269058e-01
3.466351011557579298e+00,9.950880113138715899e-02
1.153377143055727583e+00,-2.753761249142484546e-01
-9.789221001946267764e-01,-5.486084660802336144e-01
-1.888621278303650675e+00,-8.612330684760435284e-01
5.713261784167459334e-01,1.514023833435688582e+00
1.109379005931905082e+00,-3.730464065852907574e-01
-3.001708273176632247e+00,-8.592942287741534013e-01
-5.964193813671166966e-01,9.964616141293651808e-01
-1.619412394465492566e+00,9.260704208106840252e-02
-3.632076428545202851e-02,-6.188805238705197970e-02
1.871814935050964523e+00,9.402789287109566407e-01
-6.634704545139360476e-01,9.691714076291008118e-01
2.274619373905323538e+00,5.891061688513382633e-01
1.887779290892430462e+00,1.310785098086378442e+00
-1.552288839450644886e+00,-8.616993517500781685e-01
1.111397849614741196e+00,1.442662429463489104e+00
-1.944688857031943718e-01,9.571110412737515727e-01
7.956045642506676119e-01,5.926576469174138495e-01
1.078802729433033569e+00,6.563816235855067793e-01
-1.769608348326822567e+00,4.676830645988749313e-01
2.282591746773882768e+00,2.005877448547058073e+00
-1.382795383332058980e+00,-1.764595905901916173e-01
1.659999456675327778e+00,-4.928353536890680564e-01
1.075856510573186320e+00,2.543783517588685816e-01
-1.834681817207364007e+00,-1.203539511750223223e+00
1.423222232812890953e+00,1.011592111537439997e+00
-4.450534125399048524e-02,-6.769634967645562496e-01
8.039604797675266035e-01,3.414996225508947769e-01
-9.397519031301013737e-01,1.220038962356348733e-01
-4.250361017508857975e-01,4.051747988867464012e-01
-6.320987710766471368e-01,1.754230132450350643e-01
-1.627899699572444403e+00,-5.326257384483223944e-01
-1.117750781401891658e+00,3.923505218140390660e-01
1.826404590561543140e+00,1.047142579874454249e+00
-4.217116070294175123e-01,7.037014273530929620e-02
9.274644134100467063e-01,-3.031998905135945832e-01
-1.125657885238944056e+00,-9.522666096175689265e-01
-4.807812241495685868e-01,4.368902362017322849e-01
1.149266450886836433e+00,1.101555526759939313e-01
3.749775658128837730e-01,-6.994951564450979653e-01
1.209889299660772854e+00,1.542583674548438921e+00
-5.021573960708067830e-01,8.566240825141085979e-01
-4.121740097325070351e-02,-6.258587520700540363e-01
-2.009507367565987579e+00,1.070586410044429337e+00
-2.347600154701755260e-01,-8.009405517531360819e-02
-2.616460283410625420e-01,3.692594863912123104e-01
-2.495625447400398045e-01,3.786074705644034144e-01
6.557363890156275854e-01,1.411215969210360743e+00
6.536598488554965503e-01,6.168197017983270136e-01
-7.898157717428523350e-01,-3.465233116899281707e-01
-2.157174481186696635e+00,-5.139745435455831402e-01
6.655512278184525510e-01,-1.581315088200323793e-01
-4.584308919025404383e-01,-9.441146553698571975e-02
-1.161796383012222211e+00,3.040981599200184293e-01
-2.555095730502178752e-01,-2.350103333344314427e-01
1.191810625882351093e+00,-1.090282548556139597e-01
-6.600542305826702372e-02,3.255527268244464700e-01
1.138587609661054101e+00,8.914001561464405254e-01
1.704147524404728553e-01,-3.872491601072804435e-01
2.869434203815272588e-01,-2.436816337404695554e-01
-1.407042868658026524e+00,-4.125367083085967890e-01
2.732540529608695756e-01,-4.876607335837509494e-01
4.993761724736559549e-01,1.065897633642383990e+00
-1.352993032016207575e+00,5.338496752972754500e-01
-4.182074727116405488e-01,3.363431756677615070e-01
-1.001907807466303479e+00,4.944785751858588596e-01
-2.765497851070697344e-01,-5.550532398334966366e-01
-1.828483801138691911e+00,-2.395541394282401093e-01
2.025105915277744195e+00,-3.464268296881812814e-01
-4.123975434200485291e-01,1.953089375459389876e+00
-5.509347104390979744e-03,6.626046495531913161e-01
-1.583124231720064667e+00,-1.021860881461318094e-01
-2.541060809158916522e-01,-6.970497129997961228e-01
-1.488699542640621321e+00,-7.969520662189746307e-01
-2.432454030297654501e+00,-4.859271908368869020e-01
4.374133619452700295e-01,1.394045908223681685e-01
-1.999760959774498081e+00,-8.802915972155175295e-01
-1.091692695392559309e-01,-1.480039009747468326e-01
1.993553956985532061e-01,3.864642998496752857e-01
6.863117289431450718e-01,2.361569959191750501e-01
1.314905155028947004e+00,-1.069867698640464049e+00
9.966236862454309620e-01,1.142913024534532918e+00
4.787233474637546671e-01,-1.254825467997311206e+00
-6.208577840649450730e-01,2.209073933334526618e-03
-1.148736244771670689e+00,-1.534803305349686564e+00
-6.493470569020749483e-01,6.112540712760576866e-01
-1.005818160798805927e+00,5.185724791959120950e-01
3.257581830349128182e+00,4.662853452565596246e-01
3.871280454016129413e-01,-2.690971721448634502e-02
-6.710376167771493483e-01,-2.434833057120247002e-01
1.599651492858637170e+00,2.611498093584491142e-01
-8.385256212828214872e-01,-1.889939961725128903e-02
-4.770622236147349149e+00,-2.664999384671908889e-01
9.941680920230557827e-01,1.274444214421958099e+00
-2.715890378652835668e+00,-7.005706015402215492e-01
-3.372852868784352864e+00,-9.119686741397508012e-01
1.809371065892930730e-01,1.549590669132858256e+00
-1.983159576707238747e+00,-1.328993762466717410e+00
-1.363450191869884032e+00,-4.028099145189525943e-02
1.164886714780964727e+00,1.279395715741679762e+00
-1.726019586643406045e+00,-4.985732654302624245e-01
-2.651902337569482349e+00,-1.056332276409978288e+00
1.691315069213376709e+00,2.849236876370738747e-01
-6.711147826559269447e-01,-1.943814975631006359e-01
1.240240712334003570e+00,4.427298194545261634e-01
6.102109981778421899e-01,-8.432864278536055247e-01
1.168956503117858814e+00,1.862193790292655526e-01
-9.838275286697508726e-01,1.078718874577562659e+00
-9.653774887520916170e-01,-6.872325996140480342e-01
-5.606373381450548976e-01,4.459064225568731277e-01
-1.727874637878001218e+00,8.097306761815077358e-01
-7.123337691585854836e-01,-2.371006694129500492e-01
-2.296896530165836392e+00,-8.878793767255949154e-02
-3.566245716540928923e-01,1.786670912427592572e-01
-7.672218376569651666e-01,-5.130076539488657161e-01
6.864451095038948125e-02,7.809957915848398935e-01
-9.197406115952209138e-01,-5.011094981379791147e-01
-8.608136525519363147e-01,-3.830449888951529269e-01
-1.082236192853065493e+00,-1.768379339717153220e+00
-1.635501040111473903e-01,-3.150761569102641935e-01
8.306048438221307340e-01,8.339657541973832799e-01
1.158174727211115140e+00,1.040757813838419699e+00
-1.452386945591463752e+00,-2.573930007476460946e-01
-1.145065247395932850e+00,7.899196495806599660e-01
4.537252132843779817e-01,7.161539568713830572e-01
-3.868113438445771046e-01,-4.134684191400749276e-01
1.445612322545174466e+00,1.486429709352300010e+00
-1.371442435713307928e+00,-4.152407129557214582e-02
1.314865649182321183e+00,7.399564001268403857e-01
-2.460540236950899295e+00,1.114545432883055520e+00
-1.448810387833866065e+00,-2.761052670028045775e-01
-3.647054683149489662e+00,-1.532166463221422692e-01
5.120725462750355117e-01,8.197232306732544771e-01
-4.348956876872647759e-01,2.063522363177253127e-01
-1.296329138100102973e-01,8.968682073326873505e-01
-1.540956228966217534e+00,6.964369663661325038e-01
1.281125589470324400e+00,1.115782760216476877e-01
-3.840299690285140954e+00,5.531818645710072646e-01
2.182472319815899731e+00,-6.746021517175651017e-01
2.027159458578386531e+00,5.064079869878898021e-01
1.995964799499925668e+00,-3.545982809801844216e-01
2.320622859966157581e+00,6.004087176524919300e-01
3.325089283506976190e-01,-3.198029888943140775e-01
-3.920284614378269361e-02,-5.528063529527282860e-01
-2.459641427678334324e-01,-4.900851018459146946e-01
-1.118087154447010789e+00,4.178098191679005535e-02
1.065287318419423590e+00,-1.708726886103373588e-01
2.118432761716904089e-01,-5.013321870379185974e-01
1.466100830301840352e+00,-6.089882391299161757e-02
-6.429652306679173313e-01,2.241928816014553405e-01
-1.980819274998613100e+00,-5.668521800517042353e-01
9.415799753255753579e-01,1.527478134763219142e+00
1.130045003677490945e+00,1.504643767006573540e+00
3.487513606253088150e-01,-3.305513840930187075e-01
7.066406369069551108e-01,2.474446941726638483e-01
1.546951653456808407e+00,1.004341459501967515e+00
2.656734084839123544e-01,-4.243113938600423518e-01
-1.333239594090486202e+00,2.067982882217468676e-01
-2.146906876500671135e+00,4.523609945306055202e-01
-1.367998721526537009e+00,-8.480597378723268021e-01
-1.537645738610719626e+00,-9.725256721682300487e-01
-6.339355238415369520e-01,-4.017063209127355039e-01
2.011967185522048340e-01,1.036285941704473634e+00
-1.534315843993746320e+00,-2.699073497704929103e-01
3.447175939263816158e+00,-5.079106531225826560e-01
-1.357855307905832420e+00,7.871423379022641775e-01
1.476100899118015231e-01,-2.184386350525868437e-01
2.634114147002102335e+00,-1.075080012886035163e+00
5.179495250448388211e-01,-3.647902170648575915e-01
-1.665676458055729281e-01,1.157923203484587882e+00
1.292808191265255147e+00,2.049083291582535216e-01
-8.018993505337104200e-01,5.298664353633806279e-01
-1.574844189632378377e+00,-7.291338121812229733e-01
2.719978070407714707e-02,7.537560882608902724e-02
-1.765001836595362139e+00,-5.244112736540690323e-01
9.585880286579022691e-01,6.036548144624992451e-01
1.184031075086733775e+00,9.165384713921602700e-01
1.013773127451711442e+00,1.066328478775971700e+00
1.698068608771909904e-01,-5.948754628341559325e-01
3.932528165361320882e-02,6.871771701525034581e-01
7.124808115745132620e-01,4.980101309740270210e-01
-1.242174140927711168e+00,-3.046411349962012127e-01
1.334691902110430872e+00,1.997036410098363968e-01
6.789233653366429921e-01,5.222190228654566280e-01
7.115109853522233463e-01,3.573679273784075572e-01
-2.132644242684532010e+00,-1.498884145107479471e+00
1.137713346558983929e+00,1.039222307940593337e+00
3.621682037502931828e-01,-7.039754389384469402e-01
-6.340714939043630149e-01,1.016265225044185483e+00
-1.788781450713827492e-01,8.292567885810067096e-01
-1.098678437646094380e-01,2.966974413103971586e-01
2.289180768935338506e+00,4.671678785843981774e-01
1.321663617042957206e+00,1.039877695614428887e+00
1.047487302586701974e+00,-3.252545495655878027e-01
-1.342921545564327301e+00,-2.884140005761896552e-01
9.896101465459936630e-01,-7.621077664081901681e-02
2.019574309465477224e+00,1.546757975792373008e-01
9.530150990347611151e-01,-2.599735191591958650e-01
-7.684718511378942907e-01,6.616213305854015680e-02
9.700820070525576488e-01,6.555663441645773748e-01
1.354512557382134830e+00,2.900320801867496967e-01
-1.712718132668986204e+00,-3.961191025222808859e-01
-6.453031244734956928e-01,-1.367220423129609508e-01
2.132946441351216027e+00,-8.523331092277653953e-01
7.138356019698460786e-01,1.217299917686012894e-01
-5.539225270819196911e-01,1.404679731640481988e+00
7.249704494917776909e-01,-5.242424238089825606e-01
-1.391125605867059134e+00,-8.906706187967554644e-01
-2.745742541991522123e-02,-3.595050580574645771e-01
-1.180990666157563651e-01,-1.428529731201409581e+00
1.198386564832509826e+00,8.806223836374527103e-05
-1.105314175717347636e-01,7.579158032200721262e-01
-7.158237867133271370e-01,8.021017406812078199e-02
-4.516388973650584671e-01,3.252843120432791224e-01
-1.762820790871183263e+00,3.418165747640486973e-01
7.151511222959660019e-01,1.043929302431438222e+00
1.286319518242373228e+00,-9.532612753530672611e-02
-2.602898482718622120e+00,-3.613606149222320374e-02
-1.242189186062384598e+00,-4.715576674842625327e-01
-6.189079610883944094e-01,2.226428996153881346e-02
-1.295461630553450982e+00,5.514426273130048628e-01
1.332485003840587767e+00,1.938848985789852486e-01
2.569734911798647881e-01,-6.403333679635316855e-01
-3.650288485526305693e-01,4.271101729295193050e-01
2.360363111090780563e+00,1.149593148023763112e-01
-4.484262602948292376e+00,-1.789487438840828837e+00
3.109046256464207403e+00,-1.477194494263994740e-01
-6.648063963633044082e-01,1.331640303723178598e-01
8.052621065249290222e-01,-3.623993680489092650e-01
-3.405368562352661249e-02,3.023578250329353456e-01
-2.135570235737239919e+00,-5.467323239447685612e-02
-1.466857733164334432e+00,1.476203872165590125e-01
7.176707885167905587e-01,5.513483038308820694e-01
-2.295417675570147475e-01,4.972739113620476270e-01
2.251483205924930786e+00,1.645233724763549343e+00
1.703408389381383170e+00,6.552393787657879720e-01
1.027084674180320123e+00,-4.860083668261848677e-01
1.141031201956651309e+00,2.933863548088304074e-01
-7.079100904207022982e-01,-3.654057898980487273e-01
-1.507084664238593108e+00,-4.125795052210119440e-01
-2.952007130307199301e-01,-1.818180846655890748e-01
-2.984551489209280817e+00,-1.406650788223505755e-01
-1.573590862654836942e+00,-5.346075973607756771e-01
2.177203419206907409e+00,-8.053502622307368020e-02
2.129458819470818831e+00,1.939624347964210793e+00
2.643355312494395926e-01,-2.073466326125099346e-01
7.375176780840959623e-01,7.703672822095866124e-01
5.184710882901730766e-01,7.902612446091511478e-01
-6.206387976987243899e-02,2.736196069159086419e-01
1.148253306726375378e+00,3.859274461230248199e-01
-1.752781971999590072e+00,-3.935561125584505771e-01
3.676349691997098101e-02,3.933130407024678088e-01
-9.334020676184996423e-01,-6.959847864759203251e-01
-1.303023259501354447e+00,-1.582106172656852161e+00
3.283035582706833821e+00,7.667564787947022120e-01
-6.499727463301336883e-01,6.368203170363171406e-01
-5.553413524107768673e-01,-7.206149982538478937e-01
1.504721698527345497e+00,-1.111263136707620225e+00
-7.168008940210077728e-01,4.691035136697965791e-02
-1.532819585753539826e+00,-8.909776622379141919e-01
-4.071314804744544658e-01,3.566067466360584581e-01
6.671390064607228831e-01,2.575856873874712849e-01
2.421012831099295937e-01,6.700653781117287267e-01
-8.506104058835103343e-01,-4.612092525447217262e-02
2.094533500275621130e+00,5.675929062110727230e-01
-2.755750956123820483e+00,-4.613753869109379346e-01
1.805087838314497262e+00,1.199942652997761261e+00
-1.259356864463780701e+00,1.031885070575615237e-01
-1.577080977372905979e+00,5.613189417431548867e-01
2.456153208678841793e+00,3.651232293904460580e-03
-5.789192185568144966e-01,-3.592085407085818805e-01
2.057076695613760275e+00,1.027796757938914674e-01
-5.258695799067968357e-01,1.427083003632653169e-01
-2.393266628230023674e+00,1.027107295049519142e-01
6.091485105541500911e-01,2.207857818556230312e-04
2.625821793869235199e-01,1.520359758355433577e+00
-1.094696036248774540e+00,-2.617779088533584431e-01
-1.461114551416077934e+00,-4.305230387194720620e-01
1.308457306407506904e+00,-3.706901007017335825e-01
8.239403990067396544e-01,2.284364339097105789e-01
1.006499033749856942e+00,-5.700720620324306598e-01
6.667745534101234828e-01,-2.737268652816104431e-01
-2.030913301903883195e+00,2.367644200772401897e-01
1.472577147658311603e+00,6.492779996509796536e-01
-1.734437155248003348e+00,8.520460817407291554e-01
-1.223034910717187007e-02,4.348716831926293103e-01
6.688438448176439177e-01,2.855053734549719557e-01
-2.867150827188197582e+00,-5.057652120731256362e-01
-3.261864123947648131e-01,1.117911755537831786e-01
1.126584801232153321e-01,-7.217979313525759721e-01
3.295096324981596325e+00,8.141640941929177977e-01
-6.317513055892839402e-01,-7.187386019194920150e-01
3.267507363748259674e+00,1.183383472490338928e+00
2.856058885695230698e-01,9.592327940507301420e-01
1.350067918952918111e+00,5.298407291710429678e-01
1.043417095487916280e+00,5.908591559930437276e-01
1.333796134132325450e+00,1.330276953425965913e-01
1.085306788758178875e+00,4.788018788891294508e-01
9.241250181965775523e-01,2.665295864224843658e-01
1.173075960441224641e+00,9.941510378427087513e-01
2.996172631749214332e-01,-9.484100728515035827e-01
-8.396317857285340303e-02,4.041708207643691098e-01
-7.188038118668426124e-01,-5.611499764627356224e-02
1.519528907736265699e+00,4.389176300427393151e-01
-1.595093807628676474e+00,-3.036851997366781797e-01
-1.289262835281371755e-01,-3.360908599465217694e-01
1.081696380705583771e-02,-3.585583087111063327e-01
1.055796907562498999e-01,-1.467509137076342673e-01
-1.167431591339596508e+00,2.228408401826775520e-01
-2.202861916592592451e+00,1.847615683502407680e-01
3.079181029339658870e+00,4.530622362948290571e-01
-6.709446226093109811e-01,5.832184416890486833e-01
1.275793793258006570e-02,1.213599450770957988e+00
3.868762422436208936e+00,1.485862356694803710e+00
2.023677577402302585e+00,5.613102378648742175e-01
-5.341048917901202175e-01,-6.008911928824011150e-01
-9.455190782590371379e-01,-2.799259081902900070e-01
7.073267860430082488e-01,4.714811815825993846e-01
1.828450536790465986e+00,7.489870143722657803e-01
3.533504347422118941e-01,-3.251272117646539228e-01
5.996971695242209188e-01,1.906381758228872514e-01
-1.786388488722873369e+00,4.646999499187434157e-01
-6.217063892087597576e-01,1.481019473634050954e-01
1.628121930354526459e+00,1.442574236650611352e+00
1.696146413508970552e+00,9.519137709263818525e-01
8.139482269560824323e-02,-1.654938614780570250e+00
-1.725256341646658642e+00,-1.325043608711021115e+00
-4.157855033059300598e-01,2.717661797486550235e-01
-1.188388289010927634e+00,-4.408613426090896015e-01
-8.235656482924136323e-01,-1.737325708062871898e+00
-1.857593531688251254e+00,6.910429408326377310e-01
3.002968140993075852e-01,4.617526948997469072e-01
-1.317606262441757825e-01,-6.947135155880660440e-01
4.739232414492270951e-01,-3.523011746219019136e-01
5.951313337242261081e-01,8.995451029385765906e-01
5.258100619867795977e-01,9.356603571314281442e-01
-8.378460444833993881e-01,-8.971514060145679981e-04
6.720475108291661392e-01,6.716146766437123272e-01
2.969489179208725904e+00,-7.305625580545815900e-03
1.318652487460903799e+00,-5.753465078798178922e-01
-2.560566652628909257e+00,-1.780508825346021951e+00
9.039383100505291591e-01,6.686768931004735128e-01
7.641489887616613741e-01,1.563467890545387762e-01
1.047739383981013406e+00,5.421130911031203370e-01
4.321060094711842159e-01,-1.135079252293256236e-01
1.877848906947620522e+00,1.215855026297106178e+00
1.041832805739337786e+00,9.399502798110569435e-01
2.443589114206525803e+00,7.611769831187564783e-01
2.120217775087328782e+00,4.934506011530614411e-01
4.125268909468316814e+00,2.366075108418909112e-01
5.798293943750867374e-01,-1.029538282595364312e-01
3.069185563800821415e-01,1.293977473734265748e+00
-1.414393896574333009e+00,3.342545057072054959e-02
1.393451926932981755e-01,4.609849675643841183e-01
8.719607557726535840e-03,1.368947561363476062e-01
7.069363113505598983e-01,-7.442233772150484983e-01
-4.664597575975264476e-01,7.495519291268818440e-01
5.272755335597416604e-01,-1.146009884831087566e+00
-7.739013321973534643e-01,-4.839319470685677915e-01
-1.752337111671524283e+00,-7.531672525803572160e-01
-1.428833122422936974e-01,-1.274973473700823090e-01
-7.048951340730058579e-01,4.374801310805356835e-01
-9.575345535039603284e-01,-7.699013139697747921e-01
-8.417293387585560449e-01,-5.047913805247531416e-01
-7.913238837681297877e-01,1.132688536351879938e+00
6.478770465483645324e-01,3.261664852148854488e-01
9.210610866358133197e-01,-1.288341631602912818e-02
-8.207408799293244295e-01,-4.431606794621254508e-01
1.559913906307188514e+00,7.320389365398884962e-01
-9.594580565217833978e-01,-7.832420277123433583e-02
-1.337510746153484087e-01,-6.996593915076585457e-01
-8.097746791722237880e-01,1.040111823931617607e-01
-4.324264769815118481e-02,1.626665147289827751e-01
-1.629851303400832396e+00,-1.496199588301292960e-01
1.090839060860673948e+00,-8.191593774658514904e-02
2.784650969061956527e+00,1.464030947222198842e+00
-1.024886464664821473e+00,5.716259817913939001e-01
4.585442682751337817e-01,9.317189155081771756e-02
-1.102957279322544171e+00,-3.354808058805616167e-01
-2.358998460981849288e-01,4.305754908800166203e-01
-1.344605808877908038e+00,-1.504604328132033375e+00
2.597747629102449718e+00,1.444350778202120544e+00
2.952079462228514917e+00,2.666827902401012751e-01
-8.106971261234757753e-01,-9.086452464517621452e-01
-7.555662141123294928e-01,-5.082775163136088459e-01
4.361523361724959913e-01,-1.993112783761997464e-01
-3.243840844069118212e+00,-8.697538907970969735e-01
3.710248999684271798e+00,1.099331760271853531e+00
1.643665911593312101e+00,1.555511376789440625e+00
-1.828108578263351047e+00,1.173025893238306971e-01
1.422447130801895721e-01,-8.439773589311633240e-01
-1.342360242792584479e+00,3.208853839212885140e-01
5.065361223562572235e-01,-1.393517170455761622e+00
1.345874190752362198e-01,2.718808414588486655e-01
4.895321070891184290e-01,-1.503379873688328594e-01
-3.250358988575920982e-01,6.906625757466764437e-01
-1.348074636466971343e+00,-2.129235255053071041e-01
-5.216897931649709941e-01,1.383528117374829836e-02
-1.237443232693353767e+00,-9.843079805453311959e-01
2.308541449111516375e+00,9.725305610515310173e-01
2.766610013584394068e+00,-3.230438180210626342e-03
-5.251630033232118633e-01,-5.741759396995993470e-02
-2.320308583787711321e-01,-2.487103685697784616e-01
-3.014496429191946270e-01,-8.099056598761805725e-01
-5.660490480978163097e-01,1.073044894837649754e-01
3.893637816778880989e-01,1.130120352430524111e+00
1.180953518798549151e+00,-2.095465065411009353e-01
1.701964820583713012e+00,-2.209949755754623824e-01
-1.273780850994205294e-01,-6.716799454411168657e-01
3.840446523208435714e+00,-1.017431897874418789e+00
-7.163716169852170079e-01,6.662812712845435081e-01
2.276798156318824873e+00,-4.375546727864897401e-01
-1.808198777096866827e+00,5.375496523329708065e-01
2.199000606580063244e-01,6.969397638141819895e-01
1.250369747781681751e+00,4.132291272652595659e-01
4.069647816231511395e-01,1.115748600349439679e+00
-1.279500834222583761e+00,-1.128054706719803901e+00
-4.257225135787064962e-01,1.492865356189349901e+00
-1.178226922554080236e+00,3.022221176457839387e-01
-1.548066238651188753e+00,7.526843031909620230e-01
1.652731082218513448e-01,-5.498196157531834993e-01
-1.303487036387098952e+00,1.965124998071943185e-01
-1.102770347064627066e+00,-4.194212338256922412e-01
2.821383865477806729e+00,-3.022695823898132739e-01
5.054634971665352694e-01,-2.039100098678199857e-01
-3.227743329931890837e-01,-3.329594930477951520e-01
-1.196831125007287389e+00,8.855016812644510571e-01
-2.302465938578052429e-01,-6.021353071751694985e-02
-8.795611271045944424e-01,6.696327007284239574e-01
